tract,zip,res_ratio,bus_ratio,oth_ratio,tot_ratio
17031010100,60626,0.100776357,0.079365079,0.113911684,0.102037722
17031010201,60626,0.036380002,0.041771094,0.043767097,0.037722118
17031010201,60645,0.116429709,0.088452088,0.202192097,0.128633656
17031010202,60626,0.046806436,0.090225564,0.055881204,0.04979077
17031010300,60626,0.12429209,0.082706767,0.118796405,0.121929771
17031010400,60660,0,0.005703422,0.000392773,0.000244918
17031010400,60626,0.092375202,0.059314954,0.076787808,0.08875614
17031010501,60626,0.099013614,0.060150376,0.098671356,0.097549882
17031010502,60626,0.075310355,0.035087719,0.073466198,0.073564194
17031010503,60626,0.049506807,0.060985798,0.022860492,0.045788101
17031010503,60660,0.001240844,0.016159696,0.006677141,0.002274238
17031010600,60660,0.000480327,0.010456274,0,0.00080473
17031010600,60626,0.121591719,0.097744361,0.135013677,0.122809145
17031010701,60626,0.040693095,0.008354219,0.036342321,0.038844078
17031010701,60645,0.028929022,0.014742015,0.036919527,0.02964708
17031010702,60626,0.083861531,0.182121972,0.100820633,0.09006004
17031020100,60645,0.094252621,0.156019656,0.119411595,0.100364477
17031020200,60645,0.122083768,0.230958231,0.063455437,0.116988177
17031020301,60645,0.122028874,0.081081081,0.013267955,0.103787003
17031020302,60645,0.104353077,0.125307125,0.113066051,0.106453907
17031020400,60645,0.098808805,0.07985258,0.105278339,0.099119922
17031020500,60645,0.104462864,0.062653563,0.144216902,0.109076362
17031020500,60626,0.019277651,0.003341688,0.005861665,0.016617139
17031020500,60660,0.001601089,0.001901141,0.002356638,0.001679437
17031020500,60659,0.007168231,0.034790366,0.008325008,0.010281308
17031020601,60645,0.12065653,0.093366093,0.134121719,0.121744155
17031020601,60659,0.00234712,0.045049063,0.004995005,0.007282593
17031020602,60659,0.003425527,0.033006244,0.003996004,0.006663811
17031020602,60645,0.081736839,0.066339066,0.057975195,0.077518002
17031020701,60659,0.04313626,0.125334523,0.021978022,0.048883812
17031020702,60645,0.005763847,0,0.009806749,0.006178327
17031020702,60659,0.163917787,0.076271186,0.212787213,0.161549812
17031020801,60659,0.123572697,0.083407672,0.075258075,0.112380408
17031020802,60659,0.164552144,0.137823372,0.244089244,0.173068685
17031020802,60645,0.000494044,0.001228501,0.000288434,0.000488932
17031020901,60659,0.137021061,0.061998216,0.228105228,0.142034366
17031020902,60659,0.037363613,0.004460303,0.057276057,0.036698558
17031020902,60660,0.048272826,0.034220532,0.085231736,0.051047899
17031030101,60660,0.104511068,0.05418251,0.05538099,0.098282076
17031030102,60660,0.097986631,0.05608365,0.045168892,0.091739267
17031030103,60660,0.058359685,0.044676806,0.026708562,0.055036563
17031030104,60660,0.041067926,0.042775665,0.025530244,0.039746685
17031030200,60626,0.000412557,0,0.000390778,0.000394202
17031030200,60660,0.108753953,0.16634981,0.166142969,0.115986145
17031030300,60626,0.025466002,0.059314954,0.000390778,0.022803081
17031030300,60660,0.102789897,0.185361217,0.095443833,0.105174766
17031030400,60660,0.062042189,0.086501901,0.08837392,0.065288128
17031030500,60660,0.122363207,0.158745247,0.264728987,0.136384311
17031030601,60660,0.083736941,0.019961977,0.049882168,0.078373745
17031030603,60660,0.067085618,0.036121673,0.053809898,0.064763304
17031030604,60660,0.088780371,0.024714829,0.019245876,0.080228124
17031030701,60660,0.001080735,0.014258555,0.003534957,0.001784402
17031030701,60640,0.026238839,0.011272142,0.017256406,0.024332051
17031030702,60640,0.043313665,0.010466989,0.001568764,0.036412097
17031030703,60640,0.046838285,0.027777778,0.044448318,0.045525869
17031030706,60640,0.053522009,0.026167472,0.018999477,0.047804312
17031030706,60660,0.00360245,0.00095057,0.000392773,0.003218922
17031030800,60660,0.003642477,0.017110266,0.00392773,0.004163605
17031030800,60640,0.051903295,0.081723027,0.062576259,0.054811599
17031030900,60660,0.002081415,0.006653992,0.005498822,0.002554144
17031030900,60640,0.038196439,0.069645733,0.046191389,0.040861509
17031031000,60640,0.052764869,0.069243156,0.078263901,0.056789115
17031031100,60640,0.091274607,0.126409018,0.106153042,0.094985276
17031031200,60640,0.080779072,0.107085346,0.068851316,0.080712766
17031031300,60640,0.115555323,0.017310789,0.051071989,0.102357973
17031031400,60613,0.118360425,0.029222387,0.044272512,0.104524839
17031031400,60640,0,0.010064412,0.000697229,0.000623348
17031031501,60640,0.063599812,0.019323671,0.029632212,0.057047052
17031031502,60640,0.055036291,0.02294686,0.052989367,0.053070524
17031031502,60613,0.005919621,0.007429421,0.004083387,0.005774707
17031031700,60640,0.099994778,0.066827697,0.140665853,0.103239258
17031031700,60613,0.001983873,0,0.003868472,0.002109482
17031031800,60640,0.027518145,0.042673108,0.033466969,0.029060895
17031031900,60640,0.033627487,0.046296296,0.059613038,0.037508329
17031031900,60613,0.001951875,0.009905894,0.002793896,0.002478641
17031032100,60613,0.142614873,0.088162457,0.136686009,0.138988503
17031040100,60660,0,0.00095057,0.000392773,0.000069977
17031040100,60625,0.041010428,0.03057554,0.039032258,0.040147849
17031040100,60640,0.013602423,0.011674718,0.014118877,0.013563184
17031040100,60659,0,0.00044603,0,0.000047599
17031040201,60625,0.140279519,0.217176259,0.109516129,0.139800112
17031040202,60625,0.092693966,0.053956835,0.103064516,0.092162537
17031040202,60659,0.012369957,0.000892061,0.00999001,0.010804893
17031040300,60625,0.033303771,0.022032374,0.027258065,0.031782701
17031040300,60659,0.001712763,0,0,0.001285164
17031040401,60625,0.040123551,0.04631295,0.030967742,0.039077888
17031040402,60640,0.046446661,0.023349436,0.07164023,0.048320186
17031040402,60625,0.028563565,0.027877698,0.026774194,0.028256693
17031040600,60625,0.039083764,0.089928058,0.036290323,0.041412348
17031040700,60625,0.047157405,0.066546763,0.048225806,0.048367094
17031040800,60625,0.021162727,0.010341727,0.018064516,0.020110401
17031040800,60618,0.000967653,0.003852327,0.001671542,0.001247986
17031040900,60625,0.032325148,0.023830935,0.030645161,0.03161248
17031040900,60618,0.002045894,0.005457464,0.002716256,0.002359828
17031050100,60618,0.005087089,0.004815409,0.006686168,0.005241542
17031050100,60613,0.031645975,0.128281327,0.038899635,0.037680624
17031050200,60618,0.063063312,0.076083467,0.062264939,0.063896894
17031050300,60618,0.029831352,0.025361156,0.022147931,0.028680992
17031050500,60618,0.056483273,0.034991974,0.039281237,0.05309614
17031050600,60618,0.003207078,0.002568218,0.003343084,0.003176692
17031050600,60657,0,0.000359583,0,0.000018734
17031050600,60613,0.032893895,0.072808321,0.0298732,0.034648244
17031050700,60618,0.001327067,0.000963082,0.001044714,0.001270677
17031050700,60657,0.012498044,0.005753326,0.005110733,0.011334258
17031050700,60613,0.002751824,0.001981179,0.003438642,0.002795064
17031050800,60618,0.0159248,0.016051364,0.014625992,0.015792698
17031050900,60618,0.017555986,0.010914928,0.011700794,0.016450727
17031051000,60618,0.019546586,0.027608347,0.023610531,0.020557736
17031051100,60618,0.018938347,0.021508828,0.027162557,0.020013161
17031051200,60657,0.014219599,0.010787487,0.01669506,0.014313013
17031051200,60618,0.000884711,0.001284109,0.002925198,0.001134533
17031051300,60618,0.004782969,0.000642055,0.005014626,0.004515441
17031051300,60614,0.002970131,0.000374813,0.003139101,0.002847679
17031051300,60657,0.018981823,0.010427904,0.017717206,0.018397092
17031051400,60618,0.03771081,0.019903692,0.047638947,0.037530349
17031051400,60647,0.000901467,0.000345423,0.0016592,0.000966417
17031060100,60613,0.042109305,0.023278851,0.052654202,0.042400591
17031060200,60613,0.037437604,0.133234274,0.052009456,0.044325493
17031060300,60613,0.041341354,0.091134225,0.040618956,0.043903597
17031060400,60613,0.05343658,0.052005944,0.07908876,0.056507752
17031060500,60613,0.035901702,0.083704804,0.019127445,0.036388567
17031060800,60613,0.113016767,0.024764735,0.175155813,0.115942411
17031060900,60613,0.128919749,0.058444775,0.071781646,0.118157367
17031060900,60657,0.028886355,0.002876663,0.016013629,0.026115628
17031061000,60613,0.041789325,0.038137692,0.058241994,0.043613543
17031061100,60613,0.023134519,0.030212977,0.038254889,0.025366523
17031061200,60613,0.029118136,0.026250619,0.031592521,0.029269064
17031061500,60613,0.005567644,0.000990589,0.008596604,0.005695602
17031061500,60657,0.014800903,0.011866235,0.019250426,0.015137322
17031061800,60657,0.015807007,0.010787487,0.019591141,0.015961632
17031061800,60613,0.001951875,0.001485884,0.003008812,0.002056745
17031061901,60657,0.058376372,0.025170802,0.042078365,0.05485406
17031061902,60657,0.079996423,0.012585401,0.016524702,0.06950429
17031062000,60657,0.039528696,0.029845379,0.076320273,0.043070179
17031062100,60657,0.048963713,0.075512406,0.097955707,0.055734572
17031062200,60657,0.035593713,0.027687882,0.06132879,0.038011915
17031062300,60657,0.016969616,0.050341604,0.022657581,0.019333808
17031062400,60657,0.017819214,0.018338727,0.022316865,0.01834089
17031062500,60657,0.017841572,0.049622438,0.01669506,0.019371277
17031062600,60614,0.002107835,0.002623688,0.002746714,0.002201398
17031062600,60657,0.06445771,0.158935635,0.017376491,0.06420248
17031062700,60657,0.027746104,0.092772384,0.040204429,0.032504028
17031062700,60614,0.002012024,0.000749625,0.000980969,0.001837864
17031062800,60657,0.03803072,0.046026609,0.055025554,0.040316235
17031062800,60614,0.00205993,0.000749625,0.003139101,0.002100416
17031062900,60614,0.002395267,0.008995502,0.003923877,0.002908268
17031062900,60657,0.044156773,0.025530385,0.066269165,0.045618045
17031063000,60614,0.002802462,0.008245877,0.006670591,0.003493961
17031063000,60657,0.042457576,0.090255304,0.074616695,0.048484394
17031063100,60657,0.034408746,0.038475369,0.058432709,0.037262543
17031063200,60657,0.115768999,0.034519957,0.043611584,0.103600734
17031063301,60657,0.037337626,0.016540813,0.023850085,0.034770879
17031063301,60614,0.00888644,0.006746627,0.002746714,0.008139112
17031063302,60657,0.070740269,0.035239123,0.022827939,0.063621717
17031063302,60614,0.007401375,0.005247376,0.002746714,0.006806156
17031063303,60614,0,0,0.000196194,0.000020196
17031063303,60657,0.025130235,0.00503416,0.001192504,0.021450785
17031063400,60614,0.002946178,0.01011994,0.000980969,0.003130428
17031063400,60657,0.027679031,0.05106077,0.0560477,0.032016936
17031070101,60614,0.073582601,0.02886057,0.022562292,0.06592075
17031070102,60614,0.048576014,0.066716642,0.029036688,0.047542109
17031070103,60614,0.034467891,0.014992504,0.017461252,0.031667811
17031070200,60614,0.055977389,0.057721139,0.075142241,0.05804419
17031070300,60614,0.090876428,0.152923538,0.082401413,0.093347336
17031070400,60614,0.04172555,0.041604198,0.051795174,0.042755584
17031070500,60614,0.035569714,0.013493253,0.041004512,0.034939613
17031070600,60614,0.035114614,0.028110945,0.046105552,0.035868643
17031070700,60647,0.014642008,0.001727116,0.013273602,0.013639658
17031070700,60614,0.035018803,0.046476762,0.043751226,0.036535121
17031071000,60614,0.029892932,0.031109445,0.05670002,0.032718019
17031071100,60614,0.036240389,0.049850075,0.052579949,0.038655734
17031071200,60614,0.027138375,0.040854573,0.03472631,0.028658561
17031071300,60614,0.051570097,0.023238381,0.076907985,0.052651775
17031071400,60614,0.097870608,0.04197901,0.042574063,0.0891667
17031071500,60614,0.102756952,0.04910045,0.060231509,0.095488145
17031071500,60610,0.004217291,0.006849315,0.004458599,0.004356639
17031071600,60614,0.019449568,0.003373313,0.027270944,0.019388456
17031071700,60610,0.000401647,0,0.005732484,0.000635343
17031071700,60614,0.018012407,0.004872564,0.020011772,0.017510199
17031071800,60614,0.031210328,0.022113943,0.042574063,0.031889971
17031071800,60610,0,0.00124533,0.002547771,0.000181527
17031080100,60610,0.156608763,0.046699875,0.105732484,0.148851844
17031080201,60610,0.093048164,0.037982565,0.061146497,0.08885729
17031080202,60610,0.099809218,0.055417186,0.058598726,0.095694793
17031080300,60610,0.107708271,0.141967621,0.233757962,0.115360179
17031080400,60610,0.070120829,0.063511831,0.177707006,0.074909993
17031081000,60610,0.197375908,0.158156912,0.111464968,0.191389586
17031081000,60654,0.000194565,0.001707317,0.003699137,0.000639449
17031081100,60654,0.038913029,0.002195122,0.007398274,0.030250861
17031081100,60610,0.094922516,0.099003736,0.047770701,0.09288113
17031081201,60610,0.012651873,0.001867995,0.005095541,0.011768977
17031081201,60611,0.126828635,0.150844635,0.118585298,0.129270165
17031081202,60610,0.00656023,0.011830635,0.01910828,0.007412338
17031081202,60611,0.065587596,0.014751368,0.085298197,0.060508856
17031081300,60611,0.162444452,0.127527956,0.085991678,0.155398366
17031081401,60611,0.075448441,0.185819653,0.088765603,0.088693316
17031081402,60611,0.155924616,0.048774685,0.047850208,0.13930471
17031081403,60611,0.274189886,0.259100642,0.47850208,0.280528596
17031081500,60611,0.139576373,0.213181061,0.095006935,0.146295992
17031081500,60654,0.009403982,0.024390244,0.006165228,0.012297098
17031081600,60654,0.210649199,0.069756098,0.175092478,0.180816527
17031081700,60610,0.028617331,0.156288917,0.001273885,0.033521919
17031081700,60654,0.222906803,0.25195122,0.297163995,0.231726513
17031081800,60654,0.427848758,0.615365854,0.438964242,0.466109198
17031081800,60610,0.022425277,0.087173101,0.028025478,0.025837292
17031081900,60654,0.034048901,0.00097561,0.007398274,0.026315789
17031081900,60610,0.016199752,0.01120797,0.012738854,0.015792818
17031090100,60631,0.110419548,0.062622309,0.061664954,0.102641753
17031090200,60631,0.229829414,0.168297456,0.381294964,0.233247423
17031090300,60631,0.040341171,0.107632094,0.027749229,0.046198454
17031100100,60646,0.198512945,0.179012346,0.292993631,0.2
17031100200,60646,0.007076951,0.007716049,0.008492569,0.007192575
17031100200,60631,0.259105579,0.281148076,0.248715313,0.260631443
17031100300,60631,0.203703704,0.033920417,0.104830421,0.180734536
17031100300,60646,0.001343725,0,0,0.001160093
17031100300,60656,0,0.003831418,0,0.000141253
17031100400,60631,0.09658829,0.080234834,0.045220966,0.091752577
17031100500,60656,0.173118024,0.231800766,0.046812749,0.166325305
17031100500,60631,0.01644383,0,0.004110997,0.014046392
17031100600,60656,0.153011953,0.346743295,0.083665339,0.155236952
17031100600,60630,0.002620795,0.003601441,0.000578704,0.002543068
17031100700,60656,0.148262487,0.074712644,0.010956175,0.135814676
17031100700,60630,0.00352616,0.00060024,0,0.003076292
17031110100,60630,0.010006671,0.027611044,0.001736111,0.010623462
17031110100,60646,0.168503091,0.114197531,0.267515924,0.166666667
17031110200,60630,0.051605832,0.111644658,0.030671296,0.054224774
17031110200,60646,0.001343725,0,0.008492569,0.001469451
17031110300,60630,0.093252645,0.029411765,0.048611111,0.085726005
17031110400,60630,0.086486229,0.044417767,0.109953704,0.085274815
17031110501,60630,0.07952921,0.037815126,0.039930556,0.073872026
17031110502,60630,0.070475555,0.120648259,0.16087963,0.080311731
17031120100,60646,0.14028487,0.077160494,0.063694268,0.131167827
17031120200,60646,0.160799068,0.243055556,0.146496815,0.168522815
17031120300,60659,0.000063436,0.002676182,0,0.000333191
17031120300,60646,0.221625011,0.197530864,0.148619958,0.216550657
17031120400,60646,0.000716653,0,0,0.000618716
17031120400,60630,0.060993043,0.069027611,0.036458333,0.059803117
17031130100,60646,0.048553256,0.022376543,0.040339703,0.045630317
17031130100,60659,0.17165694,0.281445138,0.026307026,0.162596982
17031130200,60630,0.018869723,0.018007203,0.009837963,0.018170632
17031130200,60646,0.020514199,0.074845679,0.01910828,0.025908739
17031130300,60659,0.119195636,0.09455843,0.0999001,0.113808368
17031140100,60625,0.037768739,0.028327338,0.055806452,0.039977628
17031140200,60625,0.060919294,0.058902878,0.076290323,0.06312769
17031140301,60625,0.026361662,0.040017986,0.032258065,0.027989203
17031140301,60630,0.000810064,0.00120048,0.000578704,0.000820345
17031140302,60630,0.001000667,0.00240096,0.001157407,0.001107465
17031140302,60625,0.041010428,0.003597122,0.047258065,0.039928994
17031140400,60630,0.105689507,0.128451381,0.093171296,0.10635767
17031140500,60630,0.058848756,0.069627851,0.069444444,0.060336341
17031140500,60641,0.000274941,0.006490496,0,0.000705029
17031140601,60625,0.025107801,0.012140288,0.01,0.022128736
17031140601,60630,0.000619461,0.017406963,0.002893519,0.00192781
17031140601,60618,0.000552944,0.001926164,0,0.000589957
17031140602,60625,0.05388544,0.029676259,0.070967742,0.055151618
17031140602,60618,0.002211778,0.008988764,0.005432511,0.003040548
17031140701,60625,0.034894033,0.067895683,0.038548387,0.037229774
17031140702,60625,0.053518456,0.025629496,0.061129032,0.0531576
17031140702,60618,0.003345314,0.020224719,0.003552027,0.004560822
17031140800,60618,0.006386508,0.036276083,0.012118679,0.009121645
17031140800,60625,0.074008379,0.056205036,0.070967742,0.072587117
17031150200,60630,0.045458877,0.051020408,0.053819444,0.046431501
17031150200,60641,0.081146897,0.13444599,0.10142923,0.086483583
17031150300,60641,0.046032993,0.024571164,0.031350853,0.043409656
17031150300,60630,0.10406938,0.118247299,0.141782407,0.107711239
17031150300,60634,0.00026001,0.005838641,0,0.000589932
17031150401,60630,0.077003717,0.06302521,0.088541667,0.076866284
17031150401,60634,0.0039373,0.009023355,0.015240328,0.004883325
17031150402,60634,0.048547656,0.049363057,0.03985932,0.048112218
17031150501,60634,0.002637248,0.001061571,0.006447831,0.002753015
17031150501,60630,0.061564853,0.007202881,0.026041667,0.05533224
17031150502,60630,0.000238254,0,0.000578704,0.000246103
17031150502,60634,0.05482505,0.045647558,0.084407972,0.055912428
17031150600,60634,0.050182007,0.086518047,0.048065651,0.052307289
17031150700,60641,0.055341712,0.011126565,0.029045643,0.050224938
17031150700,60634,0.001448629,0.005838641,0.004689332,0.001900891
17031150800,60641,0.063472113,0.057023644,0.042876902,0.061505405
17031151001,60641,0.031343284,0.014371813,0.01659751,0.029040489
17031151002,60641,0.118499607,0.137227631,0.082987552,0.117269858
17031151100,60634,0.001002897,0.016985138,0.005275498,0.002228631
17031151100,60641,0.06205813,0.042188224,0.045643154,0.05942389
17031151200,60634,0.046207563,0.048301486,0.047479484,0.046407971
17031160100,60630,0.043552845,0.052220888,0.05150463,0.044708778
17031160100,60641,0.000353496,0.004172462,0.003227294,0.00083932
17031160200,60630,0.023634804,0.025210084,0.031828704,0.024323216
17031160200,60641,0.03008641,0.032916087,0.028584601,0.030181965
17031160300,60618,0.000635886,0,0.001044714,0.000635338
17031160300,60641,0.080400628,0.057487251,0.217150761,0.088699389
17031160400,60618,0.050981476,0.060995185,0.060384455,0.052710399
17031160400,60641,0.005223881,0.013908206,0.011987091,0.006345263
17031160501,60618,0.036439038,0.021508828,0.043251149,0.036123528
17031160501,60625,0.000183492,0,0.00016129,0.000170221
17031160502,60618,0.035333149,0.028892456,0.033639783,0.034694016
17031160601,60618,0.038512579,0.025040128,0.05244463,0.039073314
17031160602,60618,0.043240254,0.024719101,0.054743,0.043180323
17031160700,60618,0.056427979,0.037560193,0.032177183,0.052460802
17031160800,60618,0.055681504,0.081219904,0.030923527,0.05479794
17031160900,60618,0.024440144,0.017656501,0.011491851,0.022554514
17031160900,60641,0.004752553,0.00880853,0.011065007,0.005505942
17031161000,60618,0.000110589,0,0.000208943,0.000113453
17031161000,60641,0.033307148,0.032916087,0.048870447,0.03441214
17031161100,60641,0.031343284,0.036624942,0.041032734,0.032431344
17031161200,60641,0.033267871,0.035697728,0.017980636,0.032330625
17031161300,60641,0.058523174,0.090403338,0.094052559,0.063419056
17031170100,60634,0.042567417,0.047770701,0.03985932,0.042737284
17031170200,60634,0.046207563,0.043524416,0.02989449,0.045129785
17031170300,60634,0.096166704,0.116772824,0.074443142,0.096224436
17031170400,60634,0.056162246,0.05626327,0.040445487,0.055289722
17031170500,60634,0.074622985,0.027070064,0.076787808,0.071807813
17031170600,60634,0.035287126,0.009023355,0.017584994,0.032675669
17031170700,60634,0.04267885,0.018046709,0.037514654,0.040869166
17031170800,60634,0.0528564,0.063163482,0.055099648,0.053618249
17031170900,60634,0.004123022,0.015923567,0.018171161,0.005637126
17031171000,60634,0.098135354,0.102441614,0.112543962,0.099206869
17031171100,60634,0.046170418,0.040870488,0.032239156,0.045064237
17031180100,60634,0.070091375,0.038747346,0.076201641,0.06849764
17031190100,60639,0.000043885,0.01869831,0.00532198,0.002295333
17031190100,60641,0.025176748,0.029207232,0.017519594,0.024911032
17031190200,60639,0.003686312,0.011506652,0.014901543,0.005246475
17031190200,60641,0.054399057,0.039406583,0.02120793,0.050896394
17031190300,60641,0.06802828,0.057487251,0.044260028,0.065534144
17031190300,60639,0.001360425,0.012585401,0.003725386,0.002659671
17031190300,60634,0.001374341,0.026539278,0.00996483,0.003408495
17031190401,60639,0.004125159,0.004674577,0.009047366,0.004517798
17031190401,60634,0.041193076,0.052016985,0.041031653,0.041852386
17031190402,60634,0.052967833,0.06104034,0.053341149,0.053487153
17031190402,60639,0.002896388,0.014383315,0.009047366,0.004481364
17031190601,60639,0.043621363,0.016540813,0.040447046,0.040660181
17031190602,60639,0.052091105,0.031283711,0.034592869,0.048784931
17031190701,60639,0.029271076,0.033081625,0.022884513,0.029219951
17031190702,60639,0.047044367,0.02121539,0.03938265,0.043902794
17031190800,60639,0.07403344,0.060409924,0.078233103,0.072940576
17031190900,60639,0.026769649,0.01618123,0.018094731,0.025102926
17031191000,60639,0.025233686,0.026968716,0.017030335,0.024847889
17031191100,60639,0.11010664,0.101761956,0.100585418,0.10860932
17031191200,60639,0.033571773,0.028766631,0.04204364,0.033664881
17031191301,60639,0.052266643,0.042071197,0.038318254,0.050278719
17031191302,60639,0.051213411,0.060050342,0.04470463,0.051663205
17031200100,60641,0.047682639,0.012053778,0.009220839,0.042301753
17031200100,60639,0.00065827,0.010068321,0.003193188,0.001785259
17031200200,60639,0.061087462,0.044228695,0.046301224,0.058367035
17031200300,60639,0.017904946,0.030204962,0.023416711,0.019528546
17031200401,60639,0.040944398,0.011866235,0.043640234,0.038182679
17031200402,60639,0.049589678,0.025889968,0.064395955,0.048201989
17031200402,60647,0.000163903,0.004145078,0.00132736,0.000571065
17031210100,60618,0.043046724,0.057463884,0.038654409,0.043588755
17031210400,60639,0,0.002157497,0.000532198,0.000255037
17031210400,60641,0.030871956,0.027816412,0.026279391,0.030316256
17031210501,60618,0.034559027,0.036597111,0.026953615,0.033877153
17031210501,60641,0.000039277,0.00880853,0.000461042,0.000705029
17031210502,60618,0.033066077,0.012520064,0.037818638,0.032129972
17031210502,60641,0.000824823,0.007881317,0.002766252,0.001477204
17031210502,60647,0.003578551,0.007253886,0.004148001,0.003887632
17031210601,60618,0.029001935,0.01540931,0.034057668,0.028590229
17031210602,60647,0.004671238,0.00656304,0.006470881,0.005029761
17031210602,60618,0.038236107,0.061316212,0.045549519,0.04066166
17031210700,60618,0.040724357,0.016693419,0.048892603,0.039912868
17031210700,60647,0.003032207,0.00552677,0.00265472,0.003140855
17031210800,60618,0.010367708,0.010914928,0.013790221,0.010778063
17031210800,60647,0.000491709,0.003454231,0.00049776,0.000680885
17031210900,60647,0.002431229,0.001727116,0.003318401,0.002503899
17031210900,60618,0.033563727,0.054253612,0.034684496,0.03514783
17031220300,60647,0.025459612,0.014853195,0.027542724,0.02506095
17031220400,60647,0.027371814,0.036960276,0.021569603,0.027213424
17031220500,60647,0.032698664,0.037651123,0.037166086,0.033604955
17031220601,60647,0.017537629,0.018998273,0.013107682,0.017044082
17031220602,60647,0.067528068,0.052504318,0.077650572,0.067912759
17031220701,60647,0.022263502,0.017271157,0.022399204,0.021964023
17031220702,60647,0.041986505,0.013471503,0.031192965,0.038744536
17031220702,60639,0.000877693,0.017619561,0.001064396,0.002586804
17031220901,60639,0.000570501,0.001438332,0.003193188,0.000837979
17031220901,60647,0.025077171,0.006908463,0.019246723,0.02315008
17031220902,60639,0,0.001797914,0,0.000182169
17031220902,60647,0.01917666,0.021761658,0.013439522,0.018581563
17031221000,60647,0.026306444,0.013471503,0.027708644,0.025675943
17031221100,60647,0.050700686,0.031088083,0.065704331,0.051439742
17031221200,60647,0.034829404,0.016925734,0.041977767,0.034637264
17031221300,60647,0.036659655,0.040759931,0.042309607,0.037668299
17031221400,60647,0.059332914,0.087737478,0.028538245,0.057062532
17031221500,60647,0.039282105,0.031088083,0.033349925,0.037975796
17031221600,60647,0.038298686,0.029015544,0.042475527,0.038261328
17031222200,60647,0.025541563,0.027979275,0.023726564,0.025456303
17031222500,60647,0.015270303,0.01208981,0.014269122,0.014935536
17031222600,60647,0.020460568,0.011744387,0.026381284,0.02069011
17031222700,60647,0.023711312,0.014507772,0.026215364,0.023457576
17031222800,60647,0.010681017,0.008635579,0.015430562,0.011179688
17031222900,60647,0.009041987,0.01208981,0.007632321,0.009049177
17031230100,60647,0.017182506,0.004835924,0.015098722,0.016121593
17031230200,60647,0.016526894,0.016925734,0.016923843,0.016604801
17031230300,60647,0.006720026,0.00656304,0.006139041,0.006633135
17031230400,60647,0.017510312,0.020034542,0.008461921,0.016473017
17031230400,60639,0.000877693,0.003955412,0.001596594,0.001238751
17031230500,60639,0.040198359,0.041711615,0.04204364,0.040478012
17031230600,60639,0.00197481,0.022653722,0.00532198,0.004299195
17031230600,60651,0.086313525,0.090548579,0.098765432,0.087578523
17031230700,60647,0.003114158,0.014162349,0.00182512,0.003646028
17031230700,60651,0.077601506,0.074025116,0.054673721,0.075565134
17031230800,60647,0.000710247,0.006217617,0.0016592,0.001186057
17031230800,60651,0.015918258,0.010575017,0.005291005,0.014718694
17031230900,60651,0.099704222,0.023793787,0.192239859,0.10165528
17031230900,60647,0.000928784,0.017962003,0.00149328,0.002086582
17031231100,60651,0.015918258,0.009253139,0.014109347,0.015314778
17031231200,60651,0.094165098,0.085261071,0.109347443,0.094731533
17031231500,60612,0,0.00094518,0,0.000099512
17031231500,60651,0.001774671,0.040978189,0.004115226,0.004676968
17031231500,60624,0.14699593,0.039076377,0.099545225,0.134757414
17031240200,60622,0.032012438,0.014866638,0.020325948,0.028874269
17031240300,60622,0.025314942,0.019239178,0.02453763,0.024762427
17031240300,60647,0.001994154,0.013471503,0.00232288,0.002767467
17031240500,60647,0.03884503,0.038341969,0.046789447,0.039864702
17031240600,60647,0.016991286,0.015889465,0.015430562,0.016714621
17031240700,60647,0.018903488,0.010708117,0.018251203,0.018296031
17031240800,60647,0.018220559,0.012435233,0.018085283,0.017834787
17031240900,60622,0.020251953,0.019239178,0.018311665,0.019858674
17031240900,60651,0,0.000660939,0,0.000045853
17031241000,60647,0.000792198,0.006217617,0.00232288,0.001339805
17031241000,60622,0.031932706,0.010056843,0.033327229,0.030640838
17031241100,60622,0.062230904,0.029296021,0.064457059,0.060307018
17031241100,60647,0.001420493,0.01208981,0.003982081,0.002438007
17031241200,60622,0.028025833,0.024923481,0.022706464,0.026924951
17031241200,60647,0.001884885,0.008981002,0.00265472,0.002438007
17031241300,60622,0.029540743,0.010494097,0.033876579,0.028935185
17031241300,60647,0.000628295,0.003799655,0.00099552,0.000878561
17031241400,60647,0.000819515,0.00656304,0.00298656,0.00147159
17031241400,60622,0.099306331,0.114997814,0.102362205,0.100907651
17031241500,60622,0.075625897,0.146042851,0.061710309,0.078216374
17031241600,60642,0.153160603,0.019931663,0.206851691,0.145791516
17031241600,60622,0.008132674,0.021862702,0.011719465,0.009685673
17031242000,60642,0.212238148,0.062642369,0.176496097,0.189147598
17031242000,60622,0.005023122,0.023611718,0.007141549,0.006670322
17031242100,60622,0.078974645,0.053344993,0.083684307,0.07797271
17031242200,60622,0.077140807,0.040664626,0.08899469,0.076571637
17031242300,60622,0.06510126,0.043725404,0.066837576,0.063901072
17031242400,60622,0.047201403,0.057717534,0.058597326,0.049829435
17031242500,60622,0.055533408,0.035854832,0.05292071,0.05372807
17031242600,60622,0.097273162,0.066462615,0.08789599,0.093567251
17031242700,60622,0.028783288,0.038041102,0.030946713,0.029788012
17031242800,60622,0.003269016,0.013554875,0.004211683,0.0041423
17031242800,60612,0.034110398,0.032136106,0.027690933,0.033187382
17031242900,60622,0.002431829,0.011805859,0.004028566,0.00335039
17031242900,60612,0.050435114,0.049621928,0.06118803,0.051547418
17031243000,60622,0.00302982,0.013117621,0.004028566,0.003898635
17031243000,60612,0.061297084,0.042533081,0.078159893,0.061200119
17031243100,60622,0.038231542,0.079142982,0.031862296,0.04002193
17031243200,60622,0.038191676,0.06165282,0.036257096,0.039504142
17031243300,60642,0.116041896,0.056947608,0.156114484,0.115281681
17031243300,60622,0.000757455,0.006996065,0.000915583,0.001218324
17031243400,60642,0.129915472,0.059225513,0.137033825,0.122708417
17031243500,60642,0.201029033,0.224943052,0.165654814,0.198380838
17031243500,60654,0,0.000243902,0,0.000049188
17031250200,60639,0.033966735,0.020855807,0.029803087,0.032353263
17031250300,60651,0.000161334,0,0.000587889,0.000183411
17031250300,60639,0.05871769,0.031283711,0.064928153,0.056363173
17031250400,60639,0.076227674,0.101402373,0.086216072,0.079462236
17031250500,60639,0.002940273,0.001438332,0.002128792,0.002732539
17031250600,60639,0.001623733,0.016540813,0.003193188,0.003242613
17031250600,60651,0.062543695,0.041639128,0.025279248,0.058186987
17031250700,60639,0.003028042,0.025530385,0.000532198,0.005137173
17031250700,60651,0.087335305,0.035690681,0.071134627,0.082488881
17031250800,60651,0.038020973,0.024454726,0.018224574,0.035535788
17031250800,60639,0.000789924,0.012944984,0.001596594,0.00207673
17031251000,60651,0.018768486,0.060806345,0.020576132,0.021825852
17031251100,60651,0.105243345,0.092531395,0.08994709,0.103168417
17031251200,60651,0.060553912,0.038334435,0.031746032,0.056765556
17031251300,60651,0.076257058,0.079312624,0.071722516,0.076115365
17031251400,60644,0.099851649,0.034644195,0.073957514,0.093442468
17031251400,60651,0.000914224,0.03172505,0.001763668,0.003117979
17031251500,60651,0.003495563,0.031064111,0.004703116,0.005502316
17031251500,60644,0.086671231,0.026217228,0.084579072,0.083364875
17031251600,60651,0.001236892,0.014540648,0.002351558,0.002246779
17031251600,60644,0.061451558,0.018726592,0.025177026,0.054929977
17031251700,60644,0.023679105,0.064606742,0.018489378,0.025123013
17031251700,60651,0.000806668,0.018506279,0.000587889,0.002017516
17031251800,60644,0.096085815,0.161985019,0.114870181,0.101674868
17031251900,60644,0.121704896,0.073970037,0.162470496,0.124195685
17031252000,60644,0.134714139,0.072097378,0.156963021,0.134225965
17031252101,60644,0.037487162,0.054307116,0.035405193,0.038086677
17031252102,60644,0.138080566,0.147003745,0.108182533,0.134935655
17031252201,60644,0.054490471,0.029026217,0.086152636,0.057011734
17031252202,60624,0,0.002664298,0.000505306,0.000227247
17031252202,60644,0.08969531,0.081460674,0.084579072,0.088663891
17031260100,60624,0.059529558,0.065719361,0.034866094,0.057152596
17031260200,60624,0.032213561,0.096802842,0.037392623,0.036927622
17031260300,60624,0.108643168,0.119893428,0.048004042,0.102545165
17031260400,60624,0.030144168,0.044404973,0.031328954,0.031189638
17031260500,60624,0.037249086,0.041740675,0.042950985,0.03817748
17031260600,60624,0.051114024,0.020426288,0.043961597,0.048346779
17031260700,60624,0.039042561,0.047069272,0.065689742,0.042551983
17031260800,60624,0.05559771,0.046181172,0.059120768,0.055391433
17031260900,60624,0.033386218,0.036412078,0.020717534,0.032155437
17031261000,60624,0.050493205,0.045293073,0.037897928,0.048744461
17031270500,60624,0.045043802,0.015097691,0.060636685,0.044881263
17031271200,60612,0.02801245,0.021266541,0.029924073,0.027515176
17031271300,60624,0.023246189,0.008880995,0.042950985,0.024542666
17031271300,60612,0,0.00094518,0.000446628,0.000149269
17031271400,60624,0.03918052,0.028419183,0.080848914,0.043176912
17031271500,60624,0.033110299,0.007104796,0.027791814,0.030848767
17031271800,60612,0.018929048,0.018903592,0.016525234,0.018658573
17031280100,60606,0.355555556,0.043319916,0.104194858,0.152251849
17031280100,60661,0.551240008,0.572124163,0.526748971,0.553125263
17031280100,60654,0.029703612,0.001707317,0.003699137,0.023020167
17031280400,60612,0.037286413,0.062381853,0.035730237,0.0397552
17031280400,60607,0,0.006935687,0.002586653,0.001322363
17031280800,60612,0.089627136,0.058601134,0.043322912,0.08120211
17031280800,60686,0,0,1,1
17031280900,60612,0.029155815,0.007561437,0.020544886,0.025922977
17031281900,60607,0.006791615,0.022068096,0.004655975,0.00896268
17031281900,60606,0.071717172,0.069196856,0.087956698,0.071588618
17031281900,60661,0.442918631,0.393183201,0.395061728,0.434087659
17031282700,60608,0.000212495,0.00179019,0.000886001,0.000437578
17031282700,60612,0.061995808,0.02221172,0.062974542,0.057916211
17031282800,60608,0.000169996,0.002506266,0.000590667,0.000437578
17031282800,60612,0.041732834,0.034026465,0.060294774,0.042989352
17031283100,60607,0.091948018,0.018915511,0.059493016,0.077529631
17031283200,60608,0.002549936,0.001074114,0.01033668,0.003298664
17031283200,60607,0.042904721,0.010718789,0.050181066,0.038593398
17031283800,60608,0.073013175,0.005370569,0.042232723,0.063145848
17031290900,60623,0.067993759,0.042094958,0.112579763,0.069762861
17031290900,60624,0.005725322,0.021314387,0.006063669,0.006760595
17031291200,60624,0.00013796,0.010657194,0,0.000795364
17031291200,60623,0.041420398,0.007342144,0.072014585,0.041321988
17031291600,60608,0.012707182,0.000716076,0.022740697,0.012723417
17031292200,60623,0.042697054,0.017131669,0.05515041,0.041715906
17031292400,60623,0.034706133,0.033284386,0.052415679,0.036122272
17031292500,60623,0.057733226,0.045031816,0.054238833,0.056409044
17031300500,60623,0.025485839,0.053352912,0.014129444,0.026747026
17031300600,60623,0.030214195,0.04062653,0.023245214,0.030449854
17031300700,60623,0.039576339,0.037689672,0.022789426,0.037973686
17031300800,60623,0.036219207,0.051395007,0.032816773,0.037146459
17031300900,60623,0.037968698,0.046010768,0.043755697,0.039116048
17031301100,60608,0.003824904,0.005370569,0.003248671,0.003904541
17031301100,60623,0.018677006,0.008321096,0.023245214,0.018238399
17031301200,60608,0.038504037,0.034013605,0.032191376,0.037362415
17031301600,60623,0.03626649,0.030837004,0.011850501,0.033719373
17031301701,60623,0.036644759,0.06412139,0.018687329,0.037304026
17031301702,60623,0.031821836,0.015173764,0.007292616,0.028362089
17031301801,60623,0.033996879,0.037200196,0.005469462,0.031789175
17031301802,60623,0.030828881,0.068526676,0.018231541,0.03277397
17031301803,60623,0.039103504,0.019089574,0.014129444,0.035334436
17031310200,60608,0.006247344,0.019334049,0.010927348,0.00801104
17031310200,60616,0.01891728,0.019349164,0.036261491,0.020058804
17031310300,60608,0.032086698,0.095596133,0.036916716,0.038607829
17031310400,60608,0.017127072,0.010025063,0.028942705,0.017806052
17031310500,60608,0.020314492,0.03329753,0.028942705,0.022518429
17031310600,60608,0.075223119,0.066237021,0.100413467,0.077249318
17031310700,60608,0.040968976,0.052989617,0.024808033,0.040257161
17031310800,60608,0.050531237,0.045112782,0.069994093,0.052240062
17031310900,60608,0.056651084,0.036877909,0.060838748,0.055269447
17031320100,60601,0.818267988,0.656763096,0.734348562,0.77652342
17031320100,60602,0.880564604,0.282381998,0.25879397,0.391497078
17031320100,60603,0,0.001499813,0.002873563,0.001309243
17031320100,60681,1,1,1,1
17031320400,60687,0,0,1,1
17031320400,60603,0.771144279,0.359580052,0.353448276,0.445666405
17031320400,60685,0,0,1,1
17031320400,60604,0.710691824,0.191919192,0.302564103,0.298245614
17031320400,60602,0,0.03402854,0.027638191,0.02720129
17031320400,60605,0.00850718,0.183869148,0.029380902,0.024125395
17031320600,60605,0.22210783,0.206993796,0.120671563,0.21627874
17031330100,60605,0.406393931,0.15679639,0.248688353,0.378405174
17031330100,60616,0.232201077,0.193931398,0.133299285,0.223031689
17031330200,60605,0.052722839,0.010152284,0.318992655,0.061139701
17031330200,60616,0.038365304,0.012752858,0.022982635,0.035478602
17031330200,60668,0,1,0,1
17031340300,60616,0.021343544,0.006596306,0.022982635,0.020352826
17031340400,60616,0.023428615,0.031222515,0.055158325,0.026037243
17031340500,60616,0.031010691,0.010993843,0.045454545,0.030447566
17031340600,60609,0.020741923,0.005278311,0.033182504,0.020431845
17031340600,60616,0,0.000439754,0,0.000032669
17031350100,60616,0.064409735,0.005716799,0.007150153,0.056386802
17031350400,60616,0.02797786,0.004837291,0.017875383,0.025612545
17031351000,60616,0.089733869,0.021987687,0.026046987,0.080627246
17031351100,60653,0.053060756,0.017421603,0.058131488,0.052303331
17031351100,60616,0,0.004397537,0,0.000326691
17031351400,60616,0,0,0.001532176,0.000098007
17031351400,60653,0.036120363,0.053426249,0.026643599,0.035530357
17031351400,60609,0.005235341,0.003838772,0.008044243,0.005346264
17031351500,60616,0.000909849,0.001319261,0.00102145,0.000947403
17031351500,60609,0.017151974,0.002399232,0.0231272,0.016370343
17031360200,60653,0.046112323,0.017421603,0.04532872,0.044838176
17031380100,60653,0.070690249,0.066202091,0.065051903,0.069737775
17031380200,60653,0.08613759,0.039488966,0.04083045,0.07805339
17031380500,60609,0.009274033,0.001919386,0.028154852,0.010195201
17031380700,60653,0.03301941,0.040650407,0.051211073,0.035813844
17031380700,60609,0.000199442,0.002879079,0.001508296,0.000538771
17031381200,60653,0.010681061,0.072009292,0.015916955,0.013890858
17031381200,60615,0.03621256,0.01084991,0.037980656,0.035554132
17031381400,60609,0,0.000959693,0,0.000082888
17031381400,60653,0.004077179,0.055749129,0.010034602,0.006992677
17031381400,60615,0.030067633,0.02079566,0.062750649,0.03417681
17031381500,60653,0.043930171,0.059233449,0.042214533,0.04431845
17031381500,60609,0,0.001439539,0,0.000124332
17031381700,60609,0.000149581,0.011036468,0.003016591,0.001326205
17031381800,60609,0,0.000479846,0,0.000041444
17031381800,60615,0.028560386,0.051537071,0.052842652,0.032671365
17031381900,60615,0.024695652,0.00994575,0.030195801,0.024919923
17031390100,60653,0.036120363,0.039488966,0.043598616,0.037278526
17031390200,60653,0.053118181,0.041811847,0.046366782,0.051736357
17031390300,60653,0.111691742,0.18466899,0.074048443,0.109520435
17031390400,60615,0.069835749,0.028933092,0.072658646,0.068770019
17031390400,60653,0.000689101,0.004645761,0.001384083,0.000944956
17031390500,60653,0.005685081,0,0.016262976,0.006898181
17031390500,60615,0.029294686,0.006329114,0.041519226,0.030140935
17031390600,60615,0.035903382,0.008137432,0.030903515,0.034240871
17031390600,60653,0,0.003484321,0.000692042,0.000236239
17031390700,60615,0.189487923,0.028933092,0.027364945,0.161787316
17031400300,60615,0.02705314,0.032549729,0.060627506,0.031806534
17031400300,60637,0,0.00341006,0.000261506,0.000164225
17031400300,60609,0,0.000479846,0,0.000041444
17031400400,60637,0.036936618,0.040920716,0.078713389,0.042337253
17031400500,60621,0.000131036,0.019851117,0.000531915,0.001058555
17031400500,60637,0.040748163,0.017050298,0.078190377,0.04453787
17031400800,60621,0.000655179,0.006203474,0.00106383,0.000947128
17031400800,60637,0.059923769,0.056265985,0.064069038,0.060303488
17031410100,60615,0.055884058,0.05244123,0.025477707,0.051633568
17031410200,60615,0.031033816,0.002712477,0.021231423,0.028699552
17031410500,60615,0.058743961,0.01084991,0.081623024,0.060153748
17031410600,60615,0.044792271,0.037070524,0.050955414,0.045355541
17031410700,60615,0.046763285,0.058770344,0.066053314,0.049807816
17031410800,60637,0.01139534,0.000852515,0.001046025,0.009689286
17031410800,60615,0.071536232,0.431283906,0.047416844,0.081005766
17031410900,60615,0.090975845,0.08318264,0.079263977,0.089109545
17031411000,60637,0.083421745,0.042625746,0.049424686,0.077579978
17031411000,60615,0.006763285,0.028028933,0.004953999,0.00727098
17031411100,60615,0.005565217,0.025316456,0.001651333,0.005733504
17031411100,60637,0.038115447,0.021312873,0.028242678,0.036228076
17031411200,60637,0.031906951,0.034953112,0.020920502,0.03064442
17031411200,60615,0.001120773,0,0,0.000928892
17031420100,60637,0.031238948,0.021312873,0.039748954,0.031925376
17031420200,60637,0.032496365,0.028132992,0.038702929,0.033107797
17031420300,60637,0.028645526,0.013640239,0.037656904,0.029199238
17031420400,60637,0.030688829,0.036658142,0.024058577,0.030086054
17031420500,60637,0.090455421,0.104859335,0.051516736,0.086119687
17031420600,60637,0.041769814,0.068201194,0.064330544,0.045621757
17031420700,60637,0.065857205,0.095481671,0.038441423,0.063555147
17031420800,60637,0.043655939,0.05370844,0.052562762,0.045161926
17031421200,60637,0.029627883,0.042625746,0.008629707,0.027491296
17031430101,60649,0.074204588,0.048817696,0.110414395,0.07709034
17031430102,60649,0.07291702,0.028222731,0.062431843,0.070103212
17031430200,60649,0.094263545,0.03279939,0.118047983,0.094456686
17031430300,60619,0.000031203,0.001425178,0,0.000105003
17031430300,60637,0.04632795,0.019607843,0.037133891,0.04414373
17031430300,60649,0.000508251,0.025171625,0.002453653,0.001652557
17031430400,60619,0.041469046,0.02327791,0.030195382,0.039297527
17031430400,60649,0,0.020594966,0.000545256,0.000840775
17031430500,60649,0.074746722,0.080091533,0.094056707,0.077003363
17031430600,60649,0.029105818,0.069412662,0.026444929,0.030354865
17031430700,60649,0.045945854,0.041952708,0.051254089,0.046358576
17031430800,60649,0.027614949,0.046529367,0.025354417,0.028093471
17031430900,60649,0.02802155,0.025171625,0.035441658,0.028702308
17031431200,60649,0.040863348,0.061784897,0.018811341,0.039313464
17031431301,60649,0.063361908,0.055682685,0.089422028,0.065841355
17031431302,60649,0.170331718,0.22044241,0.130861505,0.168038966
17031431400,60649,0.145529089,0.054157132,0.101145038,0.137336194
17031440101,60619,0.078538442,0.039429929,0.184217204,0.087310338
17031440102,60619,0.063061658,0.059382423,0.144633342,0.071297317
17031440201,60619,0.083718173,0.083610451,0.143618371,0.089909172
17031440202,60619,0.067367698,0.05415677,0.084750063,0.068435974
17031440300,60619,0.069489516,0.056057007,0.051002284,0.066834672
17031440600,60619,0.026429106,0.012826603,0.001268714,0.0230745
17031440700,60619,0.020594109,0.011401425,0.011164679,0.019110621
17031440800,60619,0.027614828,0.0152019,0.038315148,0.028035911
17031440900,60619,0.034167499,0.027553444,0.01877696,0.032209797
17031450300,60617,0.047912411,0.087248322,0.046097433,0.049980099
17031460100,60649,0.012231898,0.014492754,0.01172301,0.012263713
17031460100,60617,0.039293922,0.028910687,0.055002619,0.039574686
17031460200,60617,0.028089888,0.024264326,0.04924044,0.029027122
17031460301,60617,0.035623085,0.020134228,0.043478261,0.035196452
17031460302,60617,0.046763279,0.019617966,0.062336302,0.046113607
17031460302,60649,0.000067767,0.006864989,0.000545256,0.000376899
17031460400,60617,0.04982763,0.012390294,0.109481404,0.051003582
17031460400,60649,0.00030495,0.020594966,0.001090513,0.001159689
17031460500,60649,0.001524752,0.051868802,0.002453653,0.003537052
17031460500,60617,0.077789837,0.035622096,0.078051336,0.07548189
17031460600,60617,0.012225485,0.007743934,0.01990571,0.012395519
17031460700,60617,0.031984168,0.038203407,0.130958617,0.0376983
17031461000,60617,0.028504852,0.077439339,0.046621268,0.032182862
17031470100,60619,0.034697953,0.046555819,0.014209591,0.03323358
17031480100,60617,0.030898876,0.04336603,0.018334206,0.030903508
17031480200,60617,0,0.005162623,0.002095338,0.000398021
17031480200,60619,0.017817024,0.013776722,0.016239533,0.017430566
17031480300,60617,0.000127681,0.015487868,0.000523834,0.000995053
17031480300,60619,0.018503495,0.001900238,0.017761989,0.017509319
17031480400,60617,0.077694076,0.037687145,0.027239392,0.072752601
17031480500,60617,0.065117467,0.09808983,0.022001048,0.064593165
17031490300,60619,0.0292998,0.011401425,0.003806141,0.025673334
17031490400,60619,0.013448577,0.003800475,0.005328597,0.012075392
17031490500,60628,0.026838727,0.004211793,0.023277467,0.025538857
17031490500,60619,0.000187219,0.007125891,0.001014971,0.000656271
17031490600,60620,0.000865801,0,0,0.000764683
17031490600,60628,0.020008923,0.024067389,0.005586592,0.019734572
17031490700,60628,0.035521845,0.01022864,0.008379888,0.033288363
17031490800,60628,0.052133027,0.039711191,0.037243948,0.050983591
17031490901,60628,0.11178227,0.103489771,0.242085661,0.115740595
17031490902,60628,0.073686378,0.05354994,0.082867784,0.072945753
17031491000,60628,0.060953427,0.040914561,0.053072626,0.059642958
17031491100,60628,0.05453547,0.086040915,0.020484171,0.055030904
17031491200,60628,0.028005629,0.032490975,0.02886406,0.02826844
17031491300,60628,0.031746577,0.025270758,0.027932961,0.031280394
17031491400,60628,0.046710368,0.143802647,0.145251397,0.055093653
17031500100,60619,0.000405642,0.010451306,0.000253743,0.000945031
17031500100,60628,0.057178158,0.041516245,0.010242086,0.054779908
17031500200,60628,0.030476713,0.030084236,0.018621974,0.030056788
17031500300,60628,0.028451797,0.024669073,0.01396648,0.027766448
17031510100,60617,0.031473442,0.036138358,0.025667889,0.03141525
17031510200,60617,0.036580695,0.024780589,0.003143007,0.034116108
17031510300,60617,0.070512002,0.058853898,0.012048193,0.066696992
17031520100,60617,0.017173136,0.039235932,0.033001572,0.019247171
17031520200,60617,0.031154239,0.033557047,0.043478261,0.031955422
17031520300,60617,0.057233146,0.060402685,0.01990571,0.055381816
17031520400,60617,0.038815117,0.044914817,0.025667889,0.038437482
17031520500,60617,0.048295455,0.009292721,0.010476689,0.04409507
17031520600,60617,0.026557712,0.006711409,0.008905186,0.024506738
17031530100,60628,0.029858942,0.056558363,0.086592179,0.033162865
17031530200,60628,0.063252909,0.036101083,0.053072626,0.061494055
17031530300,60643,0.078068129,0.026421597,0.031420765,0.072877881
17031530300,60628,0.000171603,0.006016847,0,0.000470618
17031530400,60643,0.035837611,0.013210798,0.020491803,0.033719617
17031530400,60628,0.000514809,0.008423586,0.002793296,0.001003985
17031530501,60628,0.06881285,0.048736462,0.059590317,0.067455213
17031530502,60628,0.020180526,0.005415162,0,0.018730587
17031530503,60628,0.05450115,0.037906137,0.02141527,0.052520942
17031530503,60643,0.017405506,0,0,0.015604736
17031530600,60628,0.043999039,0.02166065,0.037243948,0.042606595
17031540102,60628,0,0.022262335,0.002793296,0.001254981
17031550100,60633,0.489631336,0.366242038,0.392070485,0.479039833
17031550100,60617,0.007980082,0.017036655,0,0.008045716
17031550200,60633,0.206221198,0.149681529,0.066079295,0.197599583
17031560100,60632,0.014030416,0.017269293,0.019165727,0.014504468
17031560200,60632,0,0.001618996,0.001127396,0.000179622
17031560200,60638,0.025675993,0.014438503,0.002895753,0.02383021
17031560300,60638,0.044392194,0.017112299,0.004826255,0.040585826
17031560400,60632,0.024834861,0.016729628,0.004509583,0.023350846
17031560700,60638,0.056242652,0.044385027,0.066602317,0.05576931
17031560800,60638,0.098236539,0.073796791,0.079150579,0.095527698
17031560900,60638,0.088502234,0.058823529,0.027992278,0.083612594
17031561000,60638,0.098048436,0.072727273,0.033783784,0.093334988
17031561100,60638,0.092170233,0.012299465,0.013513514,0.082619668
17031570100,60632,0.017563623,0.035078251,0.022547914,0.019219543
17031570200,60632,0.02821445,0.094981112,0.028184893,0.033768916
17031570300,60632,0.068615905,0.064759849,0.04735062,0.067448022
17031570400,60632,0.023657125,0.033998921,0.06313416,0.02609008
17031570500,60632,0.033488658,0.028062601,0.041713641,0.033364767
17031580100,60632,0.041118337,0.039395575,0.085682074,0.042750011
17031580100,60608,0,0.000716076,0,0.00006732
17031580200,60632,0.037789953,0.026443605,0.033821871,0.036687772
17031580200,60608,0.000042499,0.000358038,0,0.00006732
17031580300,60632,0.024886067,0.022126282,0.036076663,0.02510216
17031580400,60632,0.054636694,0.055045872,0.069898534,0.055278638
17031580501,60632,0.049106457,0.048030221,0.051860203,0.049126589
17031580502,60632,0.04644375,0.075013492,0.038331454,0.048497912
17031580600,60632,0.058886784,0.030221263,0.042841037,0.05586241
17031580700,60609,0.004537296,0.018234165,0.0115636,0.006299474
17031580700,60632,0.053510164,0.008634647,0.024802706,0.048632628
17031580800,60609,0.000398883,0.004798464,0.000502765,0.000787434
17031580800,60632,0.018587741,0.01295197,0.024802706,0.018366339
17031590500,60609,0.03056442,0.025431862,0.038210156,0.030751378
17031590600,60609,0.04721779,0.011516315,0.030165913,0.042728667
17031590700,60609,0.047766254,0.047504798,0.033182504,0.046541506
17031600400,60608,0.005949851,0.006802721,0.007088009,0.00615975
17031600400,60616,0.040753658,0.020228672,0.068437181,0.040999673
17031600600,60608,0.036889078,0.016469746,0.023331364,0.033424215
17031600700,60608,0.037229069,0.017185822,0.023036031,0.033727153
17031600900,60608,0.060093498,0.022198353,0.072356763,0.057928574
17031610300,60609,0.060281213,0.09452975,0.091000503,0.065771478
17031610400,60609,0.021838851,0.034548944,0.032679739,0.023830246
17031610800,60609,0.025927403,0.005278311,0.016591252,0.023374363
17031611000,60609,0.018697647,0.018234165,0.013071895,0.018193875
17031611100,60609,0.031112884,0.007677543,0.028154852,0.028844958
17031611200,60609,0.030315118,0.034548944,0.034188034,0.031000041
17031611300,60609,0.045023933,0.046545106,0.068376068,0.047080277
17031611400,60609,0.033556043,0.022552783,0.027149321,0.032077583
17031611500,60609,0.034702832,0.02975048,0.019105078,0.032989349
17031611600,60609,0.02423215,0.006238004,0.010558069,0.021550831
17031611700,60609,0.029567212,0.012476008,0.032679739,0.028347631
17031611800,60609,0.035799761,0.015355086,0.023629965,0.033030793
17031611900,60609,0.036597527,0.035508637,0.054801408,0.038004062
17031612000,60609,0.027024332,0.006238004,0.020110608,0.024659124
17031612100,60609,0.025628241,0.012476008,0.017094017,0.023788802
17031620100,60632,0.060013314,0.025364274,0.036076663,0.056176748
17031620200,60632,0.035383276,0.044252563,0.06313416,0.037226638
17031620300,60629,0.051749825,0.040953545,0.036774194,0.050616771
17031620300,60632,0.00624712,0.008094981,0.01578354,0.006780727
17031620400,60629,0.034418803,0.020782396,0.010967742,0.032792793
17031620400,60632,0.003942854,0.004317323,0.004509583,0.003996587
17031630100,60609,0.015656163,0.015834933,0.019105078,0.015955904
17031630200,60632,0.019970301,0.028062601,0.019165727,0.020611613
17031630200,60609,0.001645393,0.003358925,0.003016591,0.00190642
17031630300,60632,0.052844488,0.051807879,0.040586246,0.052269972
17031630400,60632,0.068769522,0.028602267,0.046223224,0.064529166
17031630500,60609,0.000498604,0.005278311,0.004524887,0.001243317
17031630500,60632,0.066209227,0.027522936,0.038331454,0.061879743
17031630800,60632,0.004147678,0.004317323,0.012401353,0.004490547
17031630800,60629,0.045060659,0.031784841,0.040645161,0.044268884
17031630900,60629,0.038675545,0.02200489,0.020645161,0.037144837
17031630900,60632,0.001536177,0.004856989,0,0.001751313
17031640100,60629,0.015172246,0.012836186,0.01483871,0.015051975
17031640300,60638,0.105290383,0.045989305,0.099420849,0.100450954
17031640400,60638,0.058452857,0.055614973,0.071428571,0.058789458
17031640500,60638,0.072795674,0.036898396,0.208494208,0.075834678
17031640600,60638,0.079332236,0.055080214,0.222972973,0.083612594
17031640700,60638,0.050834705,0.025668449,0.025096525,0.047784535
17031640800,60638,0.000047026,0.006417112,0.001930502,0.000620578
17031640800,60629,0.016753322,0.00794621,0.013548387,0.016216216
17031650100,60629,0.036243121,0.040953545,0.040645161,0.036645877
17031650200,60629,0.062604518,0.087408313,0.032258065,0.062425502
17031650301,60629,0.04919578,0.086797066,0.026451613,0.04992377
17031650302,60629,0.032320837,0.032396088,0.013548387,0.031517672
17031650400,60629,0.051111314,0.024449878,0.010967742,0.048177408
17031650500,60629,0.058651829,0.073349633,0.02,0.057657658
17031650500,60652,0.034187408,0.281798246,0.13546798,0.052009614
17031660301,60629,0.017209401,0.042176039,0.032258065,0.018988219
17031660302,60629,0.048009973,0.050122249,0.070322581,0.049064449
17031660400,60629,0.043145125,0.061735941,0.033548387,0.043575884
17031660500,60629,0.039618109,0.035452323,0.049032258,0.03983368
17031660600,60636,0,0.001826484,0.004395604,0.000377477
17031660600,60629,0.068107878,0.10391198,0.12,0.071961192
17031660700,60636,0.048668107,0.048401826,0.023076923,0.047184649
17031660800,60629,0.056553863,0.022616137,0.108387097,0.057241857
17031660800,60636,0.000719942,0.01369863,0.002197802,0.001698647
17031660900,60636,0.001943844,0.021917808,0.006593407,0.003586033
17031660900,60629,0.04518228,0.053789731,0.099354839,0.047900208
17031661000,60636,0.044276458,0.061187215,0.023076923,0.044227745
17031661000,60629,0.042537018,0.027506112,0.052903226,0.042300762
17031661100,60629,0.056462647,0.016503667,0.042580645,0.054054054
17031670100,60636,0.041468683,0.017351598,0.040659341,0.039760931
17031670200,60636,0.035709143,0.030136986,0.057142857,0.036552375
17031670300,60636,0.033837293,0.031050228,0.054945055,0.034853728
17031670400,60636,0.038660907,0.021004566,0.026373626,0.036741114
17031670500,60636,0.0275018,0.02739726,0.032967033,0.027807487
17031670600,60636,0.034989201,0.023744292,0.049450549,0.035042466
17031670700,60636,0.030525558,0.056621005,0.041758242,0.032966342
17031670800,60636,0.039524838,0.044748858,0.061538462,0.041145014
17031670900,60636,0.033837293,0.031050228,0.014285714,0.032525952
17031671100,60636,0.09712023,0.082191781,0.046153846,0.093173954
17031671200,60636,0.027069834,0.025570776,0.041758242,0.027807487
17031671300,60636,0.05399568,0.024657534,0.087912088,0.053916326
17031671400,60636,0.039956803,0.021004566,0.045054945,0.038943064
17031671500,60636,0.072066235,0.060273973,0.079120879,0.071657754
17031671600,60636,0.060979122,0.052968037,0.058241758,0.060270525
17031671800,60636,0.033117351,0.025570776,0.018681319,0.031770997
17031671900,60636,0.027069834,0.021004566,0.017582418,0.026108839
17031672000,60636,0.086897048,0.042922374,0.028571429,0.080528468
17031680500,60621,0.034527943,0.012406948,0.02287234,0.032313778
17031680500,60636,0.001295896,0.007305936,0,0.001635735
17031680600,60621,0.030662386,0.048387097,0.038297872,0.032258065
17031680600,60636,0.004391649,0.006392694,0.002197802,0.004403901
17031680900,60621,0.186463998,0.148883375,0.12393617,0.178227199
17031681000,60621,0.088383673,0.093052109,0.056382979,0.085241518
17031681000,60636,0.003887689,0,0.004395604,0.003648946
17031681100,60636,0.001727862,0.006392694,0.002197802,0.002076125
17031681100,60621,0.086418135,0.078163772,0.071808511,0.084517243
17031681200,60621,0.075673197,0.111662531,0.080851064,0.077831634
17031681300,60621,0.066042063,0.064516129,0.056914894,0.06501755
17031681300,60620,0.003829504,0.001797753,0.006872852,0.003852828
17031681400,60636,0.000935925,0.00913242,0.007692308,0.001887386
17031681400,60621,0.071676604,0.038461538,0.021808511,0.064961836
17031690300,60621,0.058376466,0.047146402,0.059042553,0.057941947
17031690400,60619,0.000717673,0.013776722,0.001268714,0.001496299
17031690400,60637,0.064717671,0.065643649,0.036610879,0.061223149
17031690500,60637,0.016739361,0.016197783,0.008629707,0.015699928
17031690500,60619,0.001092112,0.012351544,0.00279117,0.001890061
17031690900,60619,0.059348477,0.057957245,0.05252474,0.058565653
17031691000,60619,0.035852471,0.039904988,0.029941639,0.035464903
17031691100,60621,0.090021621,0.079404467,0.098404255,0.090422865
17031691200,60620,0.042191142,0.099325843,0.083046964,0.048027999
17031691300,60619,0.033949076,0.041805226,0.016239533,0.032551058
17031691400,60619,0.046867199,0.083610451,0.018269475,0.045938993
17031691500,60619,0.067055667,0.189548694,0.035523979,0.070562293
17031700100,60652,0.077891654,0.087719298,0.142857143,0.080251035
17031700100,60629,0,0.000611247,0,0.00002772
17031700100,60620,0.0000333,0.031011236,0.001718213,0.002146996
17031700200,60629,0,0.011002445,0.001290323,0.000554401
17031700200,60652,0.130893119,0.059210526,0.113300493,0.126051542
17031700301,60652,0.122767204,0.067982456,0.056650246,0.117639204
17031700302,60652,0.132137628,0.054824561,0.108374384,0.126785953
17031700401,60652,0.16420205,0.214912281,0.157635468,0.167111764
17031700402,60652,0.092020498,0.104166667,0.024630542,0.090933369
17031700501,60620,0.008791209,0.031910112,0.004009164,0.010058528
17031700501,60652,0.167423133,0.114035088,0.169950739,0.164240887
17031700502,60652,0.078477306,0.015350877,0.091133005,0.074976632
17031700502,60620,0,0.000449438,0,0.000029411
17031710100,60620,0.018814519,0.023370787,0.034364261,0.019911179
17031710200,60620,0.065367965,0.03011236,0.050400916,0.062292286
17031710300,60620,0.020912421,0.021123596,0.047537228,0.022293462
17031710400,60620,0.067832168,0.045393258,0.074455899,0.06670392
17031710500,60620,0.058674659,0.065617978,0.118556701,0.062204053
17031710600,60620,0.025507826,0.026516854,0.04467354,0.026558042
17031710700,60620,0.05044955,0.042696629,0.06930126,0.050910267
17031710800,60620,0.059107559,0.045393258,0.050973654,0.057792418
17031710900,60620,0.029104229,0.033707865,0.033218786,0.029616776
17031711000,60620,0.041991342,0.038202247,0.03722795,0.041498779
17031711100,60620,0.113852814,0.185617978,0.033218786,0.1144084
17031711200,60620,0.063702964,0.038202247,0.042955326,0.060968795
17031711300,60620,0.022810523,0.03011236,0.025773196,0.023440487
17031711400,60620,0.03026973,0.038651685,0.024627721,0.030528514
17031711500,60620,0.029037629,0.004044944,0.005154639,0.026175701
17031720100,60620,0.0002997,0.000449438,0,0.000294109
17031720100,60643,0.056929538,0.092475589,0.020491803,0.058402711
17031720200,60643,0.075968269,0.058587019,0.105191257,0.075597205
17031720300,60643,0.063135791,0.094773119,0.025956284,0.064301552
17031720400,60655,0.064665952,0.01459854,0,0.061458158
17031720400,60643,0.000326645,0.024124067,0.004098361,0.002175459
17031720500,60655,0.072704537,0.03163017,0.114391144,0.072234383
17031720500,60643,0.000093327,0.045376221,0.008196721,0.00363971
17031720600,60643,0.029584694,0.047673751,0.013661202,0.030414592
17031720700,60643,0.0734951,0.040206778,0.280054645,0.077396143
17031730100,60620,0.031535132,0.005393258,0.000572738,0.028234464
17031730100,60628,0.000652092,0.004211793,0,0.000815737
17031730201,60620,0.079387279,0.046292135,0.1139748,0.078997677
17031730201,60643,0.001213252,0.017231476,0.005464481,0.002510145
17031730202,60643,0.00144657,0.004020678,0.005464481,0.001757102
17031730202,60620,0.035264735,0.014831461,0.034936999,0.033910767
17031730300,60620,0.014485514,0.019775281,0.015463918,0.014881915
17031730400,60628,0.000583451,0.004211793,0,0.000752988
17031730400,60643,0.06234251,0.023549684,0.038251366,0.058779233
17031730500,60628,0.055908295,0.038507822,0.008379888,0.053399429
17031730600,60628,0.000137282,0.012033694,0,0.000752988
17031730600,60643,0.074521699,0.07926479,0.016393443,0.07308706
17031730700,60628,0,0.001805054,0,0.000094124
17031730700,60643,0.03779748,0.014933946,0.009562842,0.03526754
17031740100,60655,0.113165416,0.260340633,0.158671587,0.119296178
17031740200,60655,0.214005002,0.148418491,0.125461255,0.20971544
17031740300,60655,0.164790997,0.221411192,0.232472325,0.168294326
17031740400,60655,0.177474098,0.160583942,0.125461255,0.17570298
17031750100,60643,0.072888474,0.018954624,0.017759563,0.067271891
17031750100,60628,0.000034321,0.004813478,0,0.000282371
17031750200,60643,0.065328978,0.048822516,0.174863388,0.067481069
17031750300,60643,0.000933271,0.028144744,0.016393443,0.003388696
17031750300,60655,0.085834227,0.092457421,0.162361624,0.087809396
17031750400,60643,0.002053196,0.047673751,0.025956284,0.00610802
17031750400,60655,0.105662737,0.063260341,0.081180812,0.103636976
17031750500,60643,0.185020999,0.246984492,0.154371585,0.188595574
17031750600,60643,0.065608959,0.027570362,0.023224044,0.061540392
17031750600,60628,0.000171603,0.018652226,0.00744879,0.001380479
17031760801,60631,0.024742585,0.2530985,0.118191161,0.053157216
17031760801,60656,0.157761419,0.111111111,0.299800797,0.166113426
17031760802,60634,0.001857217,0.001592357,0.002344666,0.001868117
17031760802,60656,0.088577535,0.082375479,0.019920319,0.083480472
17031760803,60656,0.228211826,0.132183908,0.529880478,0.246062575
17031770602,60666,0,0,0.066666667,0.001109878
17031770700,60656,0,0.017241379,0,0.000635638
17031770902,60656,0.034275311,0,0.008964143,0.031216894
17031805502,60631,0.000384202,0.008480104,0.002055498,0.00128866
17031807800,60646,0.001164561,0,0,0.001005414
17031807900,60606,0,0.003833621,0.00270636,0.00246471
17031808002,60646,0.029561946,0.084104938,0.004246285,0.034106729
17031808100,60631,0.000998924,0,0.002055498,0.000966495
17031810400,60656,0.016781445,0,0,0.014972809
17031810400,60631,0.017442754,0.00456621,0.004110997,0.015335052
17031810502,60634,0,0.000530786,0,0.000032774
17031810600,60634,0,0.001061571,0,0.000065548
17031813302,60644,0,0.00093633,0.000393391,0.000094625
17031814200,60623,0,0,0.000455789,0.000039392
17031820502,60638,0.000799436,0.005882353,0,0.001158413
17031820800,60638,0.039501528,0.070053476,0.023166023,0.041165032
17031820901,60629,0,0.00794621,0.002580645,0.00047124
17031820901,60638,0.015847637,0.200534759,0.030888031,0.030780688
17031820902,60629,0,0.011002445,0,0.00049896
17031820902,60638,0,0.019786096,0.011583012,0.002027223
17031821200,60643,0,0,0.00273224,0.000083672
17031821600,60620,0,0.000449438,0,0.000029411
17031821700,60655,0,0.00486618,0,0.000168379
17031823304,60655,0.001697035,0.00243309,0,0.001683785
17031825700,60633,0.302227343,0.340764331,0.502202643,0.312228214
17031830500,60623,0.041609532,0.04454234,0.014585232,0.039509966
17031830500,60632,0.000102412,0.018348624,0.005636979,0.001841124
17031830600,60660,0.000520354,0.016159696,0.001178319,0.001154613
17031830600,60626,0.084236583,0.139515455,0.117037905,0.091333616
17031830700,60613,0.030590042,0.010896483,0.026004728,0.028979011
17031830700,60640,0.027204846,0.154186795,0.047411539,0.036476581
17031830800,60625,0.005779993,0.013938849,0.008225806,0.006589986
17031830800,60640,0.032583155,0.055555556,0.054383824,0.036498076
17031830800,60613,0.001471906,0.01684002,0.004728132,0.00268959
17031830900,60647,0.025978638,0.070120898,0.020574083,0.028070021
17031830900,60614,0,0.004497751,0.000196194,0.000262552
17031830900,60618,0.010229472,0.002247191,0.005641454,0.009167026
17031831000,60647,0.015734696,0.03074266,0.016260163,0.016758549
17031831000,60622,0.026112263,0.006121557,0.02508698,0.02454922
17031831100,60618,0.065330384,0.055537721,0.063309653,0.064418779
17031831100,60641,0.003024352,0.023180343,0.011987091,0.005136641
17031831200,60639,0.043050862,0.040273283,0.048430016,0.043137684
17031831200,60647,0.005463436,0.00552677,0.004148001,0.00529333
17031831300,60639,0.004739544,0.017619561,0.004789782,0.00604802
17031831300,60651,0.012207583,0.029742234,0.018812463,0.013939199
17031831400,60644,0.056088098,0.235018727,0.048780488,0.064250568
17031831500,60639,0.002896388,0.018338727,0.00532198,0.0046271
17031831500,60634,0.028489711,0.009023355,0.031066823,0.02743183
17031831700,60630,0,0.00060024,0,0.000041017
17031831700,60641,0.034524745,0.053778396,0.04241586,0.036493655
17031831800,60659,0.012496828,0.017841213,0.006993007,0.012280451
17031831800,60630,0.000142952,0.00060024,0,0.000164069
17031831800,60625,0.070858436,0.075089928,0.058548387,0.06923133
17031831900,60613,0.004159734,0.001485884,0.006447453,0.00429807
17031831900,60657,0.030406689,0.043869112,0.046678024,0.032897448
17031832000,60657,0.021396472,0.019777059,0.043611584,0.023755105
17031832000,60613,0.003327787,0.011391778,0.006662368,0.004166227
17031832100,60613,0.068603609,0.05794948,0.062110466,0.067239743
17031832200,60647,0.044308466,0.051468048,0.06006305,0.046849261
17031832300,60642,0,0.04214123,0.003902862,0.005553325
17031832300,60614,0.012335625,0.04047976,0.025701393,0.015228016
17031832300,60622,0.013674055,0.014866638,0.012085699,0.013492934
17031832300,60647,0.002950255,0.011744387,0.005475361,0.003843704
17031832400,60647,0.043243096,0.026943005,0.035672806,0.041204507
17031832500,60614,0.040575822,0.096701649,0.048067491,0.044371289
17031832600,60614,0.04845625,0.097076462,0.075927016,0.053903946
17031832600,60642,0,0.021640091,0.002168257,0.002877024
17031832900,60607,0.077777052,0.028058008,0.126745991,0.074689
17031833000,60612,0.003303055,0,0.000446628,0.002637078
17031833000,60607,0.177104421,0.393757881,0.257630626,0.218385738
17031833000,60661,0.00286944,0.012172855,0.047325103,0.005972912
17031833100,60607,0.322601711,0.214375788,0.215209519,0.29562151
17031833100,60661,0.00297192,0.022519781,0.030864198,0.006814167
17031833300,60608,0,0.001074114,0,0.00010098
17031833300,60607,0.094037746,0.036885246,0.136057941,0.089137036
17031833900,60617,0.02633427,0.051109964,0.074384494,0.030306476
17031834000,60628,0.003191818,0.01143201,0.002793296,0.00360807
17031834000,60620,0.042091242,0.009438202,0.003436426,0.037969471
17031834200,60619,0.010234648,0.010451306,0.009895965,0.010211582
17031834200,60649,0.064717243,0.081617086,0.069792803,0.065899339
17031834300,60617,0.000191522,0.033040785,0.004190676,0.002217547
17031834300,60619,0.09120694,0.038954869,0.041867546,0.083215204
17031834400,60637,0.075366419,0.023017903,0.094142259,0.075707811
17031834500,60621,0.008058704,0.040942928,0.025531915,0.011365536
17031834500,60637,0.0219655,0.013640239,0.036872385,0.023517047
17031834600,60621,0.072331783,0.08808933,0.214893617,0.087971475
17031834700,60621,0.061652362,0.058312655,0.045744681,0.059836203
17031834800,60621,0.063159274,0.045905707,0.070212766,0.063123294
17031834900,60636,0.060763139,0.035616438,0.075824176,0.059893048
17031835000,60629,0.057040348,0.046454768,0.081935484,0.057629938
17031835000,60636,0.008639309,0.078538813,0.030769231,0.014721611
17031835100,60629,0.03417556,0.027506112,0.024516129,0.033458073
17031835100,60632,0.003225972,0.003237992,0.004509583,0.0032781
17031835100,60636,0.008423326,0.070319635,0.015384615,0.013085876
17031835200,60638,0.073830237,0.13368984,0.065637066,0.078110132
17031835200,60632,0.009524297,0.026443605,0.016910936,0.011226368
17031835500,60609,0.047467092,0.027831094,0.022624434,0.04372332
17031835600,60609,0.02163941,0.041266795,0.014077426,0.02271126
17031835700,60609,0.007279617,0.004318618,0.019105078,0.007998674
17031835800,60615,0.001700483,0.000904159,0.002594952,0.001793722
17031835800,60653,0.047145975,0.036004646,0.091349481,0.052728561
17031835900,60653,0.093430573,0.075493612,0.128027682,0.097424994
17031835900,60609,0.001146789,0.001919386,0.005530417,0.001574868
17031836000,60653,0.059434937,0.052264808,0.080968858,0.062083629
17031836100,60615,0.035207729,0.047016275,0.064401982,0.039590006
17031836100,60609,0.001545672,0.009117083,0.006033183,0.002569522
17031836200,60615,0.000463768,0,0,0.000384369
17031836200,60637,0.006640732,0.118499574,0.040271967,0.015174407
17031836300,60615,0.028328502,0.004520796,0.061335221,0.031966688
17031836400,60653,0.103537384,0.042973287,0.069204152,0.096385542
17031836500,60653,0.041346043,0.010452962,0.041868512,0.040160643
17031836600,60622,0.006139372,0.008307827,0.009522066,0.00685307
17031836600,60651,0.046840549,0.055518837,0.097001764,0.051354945
17031836700,60651,0.000430223,0.011896894,0.000587889,0.001238021
17031836700,60612,0.028457092,0.042060491,0.023224654,0.029306399
17031836700,60624,0.028557633,0.010657194,0.026275897,0.027156005
17031836700,60622,0.000039866,0.005247049,0,0.000395955
17031836800,60624,0.06215079,0.047957371,0.061141991,0.061129417
17031836800,60612,0.000444642,0.004725898,0.000446628,0.000895612
17031836900,60612,0.015816553,0.004253308,0.018758374,0.014926858
17031836900,60624,0.020831896,0.005328597,0.056088934,0.023804113
17031837000,60612,0.054309852,0.020793951,0.051808843,0.050502538
17031837100,60612,0.054563933,0.062381853,0.047342564,0.054582546
17031837300,60624,0.020349038,0.005328597,0.022738757,0.019656857
17031837300,60612,0.027377247,0.013705104,0.012952211,0.024330779
17031837400,60612,0.047005018,0.025519849,0.039749888,0.04393472
17031837800,60612,0.072222575,0.168714556,0.13354176,0.089212857
17031838000,60612,0.087848568,0.040170132,0.083519428,0.082346502
17031838100,60612,0.088547291,0.042533081,0.046449308,0.079012837
17031838100,60607,0.002416248,0.014186633,0.007759959,0.00475071
17031838200,60612,0.029028775,0.200378072,0.056721751,0.050154244
17031838200,60608,0,0.003938417,0.000590667,0.000437578
17031838200,60607,0.000065304,0.00220681,0.001551992,0.00053874
17031838300,60610,0.038457676,0.063511831,0.068789809,0.041115784
17031838600,60612,0.037985136,0.017958412,0.046449308,0.036819584
17031838700,60623,0.078916261,0.034752814,0.138559708,0.08051682
17031838700,60624,0.000206939,0.026642984,0,0.001874787
17031838800,60633,0.001920123,0.143312102,0.039647577,0.011132371
17031838800,60628,0,0.001203369,0,0.000062749
17031838800,60617,0.035846527,0.033557047,0.027763227,0.035281742
17031839000,60607,0.069352837,0.032156368,0.011381273,0.058086003
17031839000,60605,0.27076673,0.177100959,0.177334732,0.25872244
17031839100,60604,0.289308176,0.808080808,0.697435897,0.701754386
17031839100,60690,1,1,1,1
17031839100,60673,0,0,1,1
17031839100,60602,0.119435396,0.683589462,0.713567839,0.581301632
17031839100,60601,0.181732012,0.343236904,0.265651438,0.22347658
17031839100,60607,0.046627049,0.034047919,0.010863942,0.0412871
17031839100,60603,0.228855721,0.638920135,0.643678161,0.553024352
17031839100,60697,0,0,1,1
17031839100,60675,0,1,1,1
17031839100,60674,0,0,1,1
17031839100,60694,1,0,1,1
17031839100,60605,0.03950149,0.265087422,0.104931794,0.061328549
17031839100,60693,0,0,1,1
17031839100,60678,0,0,1,1
17031839100,60677,0,1,0,1
17031839100,60684,0,1,0,1
17031839100,60606,0.572727273,0.883649607,0.805142084,0.773694824
17031839100,60670,0,0,1,1
17031839200,60616,0.067594207,0.055848725,0.061287028,0.066318197
17031839500,60616,0.032299644,0.023306948,0.024514811,0.031133616
17031839600,60653,0.051223154,0.039488966,0.036678201,0.048759745
17031839600,60616,0.00003791,0.004397537,0,0.00035936
17031839700,60616,0.007354614,0.006596306,0.012768131,0.007644561
17031839700,60609,0.000847627,0.007677543,0.003016591,0.001616312
17031839700,60608,0.056906077,0.034013605,0.058476078,0.054932849
17031839800,60616,0.034233073,0.013632366,0.066905005,0.034792551
17031839800,60608,0.001954951,0.007160759,0.004430006,0.002726447
17031839900,60616,0.000151642,0.004397537,0.00102145,0.000522705
17031839900,60609,0.085660152,0.090690979,0.090497738,0.086493431
17031840000,60609,0.018597926,0.007197697,0.020613374,0.017779436
17031840000,60616,0.023769808,0.018909411,0.033707865,0.02404443
17031840100,60616,0.032261733,0.023306948,0.04494382,0.03240771
17031840200,60616,0.003791038,0.007915567,0.002553626,0.004018295
17031840200,60608,0.026051849,0.027568922,0.01269935,0.024672658
17031840300,60609,0.004038692,0.011516315,0.009552539,0.005139044
17031840300,60632,0.003942854,0.003777658,0.010146561,0.004176209
17031840300,60608,0.041776456,0.016111708,0.016538689,0.03648726
17031840400,60608,0.037356566,0.041532402,0.022445363,0.036049682
17031840400,60609,0.003988831,0.018714012,0.006033183,0.005429152
17031840700,60608,0.022736932,0.03329753,0.031600709,0.024739978
17031840700,60623,0.019291692,0.030837004,0.020054695,0.020286772
17031840800,60623,0.026147808,0.025942242,0.009571559,0.024698653
17031841000,60616,0.024793388,0.069920844,0.036261491,0.028879451
17031841100,60616,0.151793161,0.237027265,0.184371808,0.160209082
17031841200,60608,0.05240119,0.051557465,0.061724749,0.053384496
17031841300,60608,0.05121122,0.078410311,0.059066745,0.05466357
17031841400,60623,0.022270557,0.017131669,0.03053783,0.022571496
17031841500,60624,0.001103677,0,0,0.000908988
17031841500,60623,0.049836872,0.027410671,0.07976299,0.050618451
17031841600,60623,0.014232351,0.006363191,0.023245214,0.014378004
17031841700,60623,0.033713178,0.04454234,0.019143118,0.033325455
17031841800,60637,0.007348029,0.00341006,0.003138075,0.006667543
17031841800,60619,0.026834748,0.032304038,0.025120528,0.026959626
17031841900,60682,0,1,1,1
17031841900,60616,0.001326863,0.002638522,0.004085802,0.001600784
17031841900,60689,0,1,1,1
17031841900,60699,0,1,1,1
17031841900,60695,0,0,1,1
17031841900,60608,0.026349341,0.00358038,0.009155346,0.02224915
17031841900,60669,0,1,1,1
17031841900,60607,0.068373278,0.185687264,0.115882049,0.091096092
17031842000,60616,0.027181742,0.067282322,0.054136874,0.031885005
17031842100,60651,0.093788653,0.09914078,0.066431511,0.092026228
17031842100,60624,0,0.024866785,0,0.001590728
17031842200,60642,0.082047042,0.302961276,0.041196878,0.101699451
17031842200,60610,0.050875255,0.057285181,0.056050955,0.051432548
17031842200,60654,0,0.000243902,0.001233046,0.000098377
17031842300,60654,0.02633115,0.031463415,0.05918619,0.028676832
17031842300,60622,0.000717589,0.008745081,0.00164805,0.00143153
17031842300,60642,0.105567806,0.209567198,0.110581093,0.11856015
17031842400,60620,0.043789544,0.07011236,0.043528064,0.045498662
17031842500,60621,0.005765577,0.018610422,0.011702128,0.006964176
17031842500,60637,0.035404142,0.032395567,0.04707113,0.036753597
17031842600,60609,0.090995213,0.202495202,0.053795877,0.097558954
17031842800,60632,0.068769522,0.110631409,0.049605411,0.071489515
17031842800,60609,0.000099721,0.000479846,0,0.000124332
17031842900,60608,0.051168721,0.093089868,0.059657413,0.056077283
17031843000,60624,0.075946748,0.182060391,0.093481556,0.084706283
17031843000,60612,0,0.001890359,0,0.000199025
17031843100,60612,0.000444642,0.002362949,0.001339884,0.000746343
17031843100,60623,0.025485839,0.012726383,0.041932543,0.025880407
17031843100,60608,0.000084998,0,0.000886001,0.000168299
17031843200,60608,0.032086698,0.105621196,0.03248671,0.039045407
17031843200,60616,0.004359694,0.131046614,0.035240041,0.015746488
17031843300,60612,0.00006352,0.001417769,0.000446628,0.000248781
17031843300,60608,0.029579261,0.015395632,0.029533373,0.0282406
17031843400,60623,0.038015982,0.106216349,0.028714676,0.042700701
17031843500,60608,0,0.013605442,0.000886001,0.001380053
17031843500,60623,0.009125727,0.032305433,0.011394713,0.011187269
17031843600,60653,0.012748363,0.047619048,0.014186851,0.014363336
17031843600,60615,0.050009662,0.019891501,0.076197216,0.052498398
17031843700,60618,0.030218413,0.060032103,0.037400752,0.03310567
17031843800,60609,0.035351017,0.032149712,0.022624434,0.034025447
17031843900,60649,0.05373903,0.013729977,0.047709924,0.051577177
17031843900,60637,0.028606232,0.025575448,0.019612971,0.027359916
17031980000,60666,1,1,0.933333333,0.998890122
17031980000,60688,0,1,0,1
17031980100,60638,0,0.050802139,0.010617761,0.004385421
17031980100,60632,0,0,0.001127396,0.000044905